<?xml version="1.0" encoding="utf-8" standalone="yes"?><rss version="2.0" xmlns:atom="http://www.w3.org/2005/Atom"><channel><title>vim on Ardianta</title><link>https://ardianta.github.io/tags/vim/</link><description>Recent content in vim on Ardianta</description><generator>Hugo -- gohugo.io</generator><lastBuildDate>Mon, 12 Feb 2018 23:20:53 +0800</lastBuildDate><atom:link href="https://ardianta.github.io/tags/vim/index.xml" rel="self" type="application/rss+xml"/><item><title>Satu Minggu Belajar Keymap VIM</title><link>https://ardianta.github.io/blog/keyboard-vim/</link><pubDate>Mon, 12 Feb 2018 23:20:53 +0800</pubDate><guid>https://ardianta.github.io/blog/keyboard-vim/</guid><description>Kira-kira sudah hampir satu minggu saya membiasakan diri menggunakan keymap VIM dengan menginstall exension VIM di Google Chrome dan VS Code.
Di Google Chome saya install Vimum. Sedangkan di VS Code saya install vim (emulator).
Saya mulai terbiasa menggunakan tombol navigasi h,j,k, dan l dan merasakan lebih mudah daripada menekan tombol navigasi panah.
Biasanya saya menugaskan jari kelingking untuk menekan tomol panah. Namun setelah menggunakan tombol navigasi VIM, saya malah jarang menekan tombol itu.</description></item></channel></rss>