<?xml version="1.0" encoding="utf-8" standalone="yes"?><rss version="2.0" xmlns:atom="http://www.w3.org/2005/Atom"><channel><title>LombokPhonegraphy on Ardianta</title><link>https://ardianta.github.io/tags/lombokphonegraphy/</link><description>Recent content in LombokPhonegraphy on Ardianta</description><generator>Hugo -- gohugo.io</generator><lastBuildDate>Mon, 15 Oct 2018 10:10:42 +0800</lastBuildDate><atom:link href="https://ardianta.github.io/tags/lombokphonegraphy/index.xml" rel="self" type="application/rss+xml"/><item><title>Ulang Tahun Komunitas Lombok Phonegraphy yang ke-3</title><link>https://ardianta.github.io/blog/lombok-phonegraphy-3/</link><pubDate>Mon, 15 Oct 2018 10:10:42 +0800</pubDate><guid>https://ardianta.github.io/blog/lombok-phonegraphy-3/</guid><description>Bisa dibilang&amp;hellip; saya keluarga baru di komunitas ini. Saya bergabung di group facebook Lombok Phonegraphy sekitar satu tahun yang lalu.
Saya suka dengan karya-karya mereka, apalagi foto-foto yang diambil lokasinya di Lombok.
Saya mungkin member yang pasif, karena belum bisa berkontribusi banyak di komunitas ini.
Karena itu&amp;hellip;
Pada acara perayaan ulang tahun yang ke-3 ini, saya berusaha untuk hadir.
Meskipun hari itu sangat panas&amp;hellip;
Di sana saya bertemu dengan banyak orang yang sebagian besar belum saya kenal.</description></item></channel></rss>