<?xml version="1.0" encoding="utf-8" standalone="yes"?><rss version="2.0" xmlns:atom="http://www.w3.org/2005/Atom"><channel><title>nostalgia on Ardianta</title><link>https://ardianta.github.io/tags/nostalgia/</link><description>Recent content in nostalgia on Ardianta</description><generator>Hugo -- gohugo.io</generator><lastBuildDate>Sat, 12 May 2018 22:55:39 +0800</lastBuildDate><atom:link href="https://ardianta.github.io/tags/nostalgia/index.xml" rel="self" type="application/rss+xml"/><item><title>Lomba Gambar Tingkat Kecamatan</title><link>https://ardianta.github.io/blog/lomba-gambar-kecamatan/</link><pubDate>Sat, 12 May 2018 22:55:39 +0800</pubDate><guid>https://ardianta.github.io/blog/lomba-gambar-kecamatan/</guid><description>Dulu saat SD pernah ikut lomba gambar tingkat kecamatan di acara 17-an. Peserta cuma dua orang, saya dan seseorang yang tidak saya kenal.
Kami disuruh menggambar tentang suasana desa.
Waktu itu saya menggambar sawah dengan pensil.
Sementara dia menggunakan cat air.
Hasilnya:
Juara 1: Dia Juara 2: Saya Saya memang mengakui keahliannya&amp;hellip;
Saya hanya bisa kagum melihat hasil lukisannya.
Sementara punya saya jelek dan apa adanya 😄&amp;hellip;
Saat lomba, saya tidak pernah ngomong dengannya.</description></item></channel></rss>