<?xml version="1.0" encoding="utf-8" standalone="yes"?><rss version="2.0" xmlns:atom="http://www.w3.org/2005/Atom"><channel><title>meetup on Ardianta</title><link>https://ardianta.github.io/tags/meetup/</link><description>Recent content in meetup on Ardianta</description><generator>Hugo -- gohugo.io</generator><lastBuildDate>Tue, 17 Oct 2017 23:43:40 +0800</lastBuildDate><atom:link href="https://ardianta.github.io/tags/meetup/index.xml" rel="self" type="application/rss+xml"/><item><title>Lombokdev Meetup #002</title><link>https://ardianta.github.io/blog/lombokdev-meetup-2/</link><pubDate>Tue, 17 Oct 2017 23:43:40 +0800</pubDate><guid>https://ardianta.github.io/blog/lombokdev-meetup-2/</guid><description>Acara-acara IT di Lombok tidak seramai di Jawa. Tapi kali ini ada Lombokdev Meetup ke-2 yang diselengarakan oleh komunitas Lombokdev.
Beberapa teman yang sudah bekerja di Jawa bahkan rela pulang beberapa hari ke Lombok untuk menghadiri acara ini.
#lombokdev #lombokdevmeetup pic.twitter.com/cUlA61gSEa
&amp;mdash; Ardianta (@ArdiantaPargo) October 15, 2017 Materi yang disampaikan di acara ini cukup menarik dan beragam. Bisa di lihat di sini: Lombokdev/Meetup002.
Acara ini berlokasi di Cafe Soecjipto, Ampenan.</description></item></channel></rss>