<?xml version="1.0" encoding="utf-8" standalone="yes"?><rss version="2.0" xmlns:atom="http://www.w3.org/2005/Atom"><channel><title>Hugo on Ardianta</title><link>https://ardianta.github.io/tags/hugo/</link><description>Recent content in Hugo on Ardianta</description><generator>Hugo -- gohugo.io</generator><lastBuildDate>Sat, 08 Sep 2018 22:15:58 +0800</lastBuildDate><atom:link href="https://ardianta.github.io/tags/hugo/index.xml" rel="self" type="application/rss+xml"/><item><title>Partial Penghitung Kata pada Hugo</title><link>https://ardianta.github.io/blog/hugo-wordscounter/</link><pubDate>Sat, 08 Sep 2018 22:15:58 +0800</pubDate><guid>https://ardianta.github.io/blog/hugo-wordscounter/</guid><description>Setiap menulis blog, Saya jarang memperhatikan jumlah kata yang ditulis.
Rencananya saya ingin menulis 1000+ kata untuk setiap artikel.
Karena itu, saya perlu bantuan penghitung kata pada tulisa.
Saya menggunakan teks editor VS Code untuk menulis. Kadang menggunakan VIM.
Di VS Code, saya tidak ingin menginstal ekstensi untuk menghitung jumlah kata.
Karena di artikel yang ditulis terdapat front-matter yang juga akan masuk hitungan.
Karena itu, solusinya membuat partial penghitung kata.</description></item><item><title>Agar Hugo tidak melakukan HTTP Request saat Offline</title><link>https://ardianta.github.io/blog/hugo-offline/</link><pubDate>Sun, 18 Mar 2018 00:37:25 +0800</pubDate><guid>https://ardianta.github.io/blog/hugo-offline/</guid><description>Saya menggunakan shortcode twitter dan instagram di dalam postingan. Setiap kali mau render, pasti akan melakukan HTTP Request ke API twitter dan instagram.
Sehingga, apabila kita render saat dalam keadaan offline, maka akan menghasilkan error seperti ini:
Cara mencegahnya:
Kita cukup mengisi alamat baseurl dengan localhost:
baseurl = &amp;quot;http://localhost&amp;quot; Atau bisa juga diberikan saat me-render atau menjalankan server Hugo dengan flag -b atau --baseURL.
hugo server -b http://localhost Maka Hugo tidak akan melakukan HTTP Request lagi.</description></item><item><title>Rasio Pentalan Terjun Bebas! dan Saya tidak tahu mengapa?</title><link>https://ardianta.github.io/blog/rasio-pentalan/</link><pubDate>Tue, 13 Feb 2018 23:11:24 +0800</pubDate><guid>https://ardianta.github.io/blog/rasio-pentalan/</guid><description>Bulan Januari tahun 2017 yang lalu, saya migrasi dari platform Blogger ke Hugo. Sejak saat itu, masih banyak yang harus dikerjakan seperti mendasain ulang template, memperbaiki konten, memperbaiki broken link, dsb.
Yang paling lama adalah memperbaiki kontentnya. Karena saya menemukan banyak konten yang kualitasnya rendah. Hingga saat ini pekerjaan memperbaiki konten masih belum selsai dan akan terus dilakukan.
Saat itu, rasio pentalan (bounce rate) blog saya sekitar 50%&amp;ndash;70%. Menurut saya ini hal yang wajar.</description></item><item><title>Binding Server Hugo ke IP LAN</title><link>https://ardianta.github.io/blog/hugo-server/</link><pubDate>Tue, 23 Jan 2018 02:03:56 +0800</pubDate><guid>https://ardianta.github.io/blog/hugo-server/</guid><description>Jadi ceritanya hari ini saya dapat feedback untuk revisi pekerjaan pembuatan template Hugo.
Kebanyakan masalahnya pada tata letak dan responsive.
Saya ingin mengetes langsung dengan HP. Sebenarnya bisa langsung dilakukan di browser, tapi saya maunya langsung dari HP saja.
Kondisi topologi jraingan saya:
Modem Wifi --- Laptop | | HP Alamat IP laptop saya 192.168.1.104 bisa diakses melalui LAN.
Ketika mencoba mengakses alamat IP tersebut dari HP, yang muncul adalah server Apache.</description></item><item><title>Migrasi Front-matter Hugo dengan sed</title><link>https://ardianta.github.io/blog/migrasi-frontmatter/</link><pubDate>Fri, 19 Jan 2018 20:05:09 +0800</pubDate><guid>https://ardianta.github.io/blog/migrasi-frontmatter/</guid><description>Saya berencana memperbaiki template dan front-matter Petanikode. Ada 300 lebih artikelnya yang harus dimodifikasi.
Saya rasa ini cukup merepotkan, mengedit satu-persatu front-matter setiap artikel. Apalagi jumlahnya cukup banyak.
Akhirnyta saya menemukan sed (Stream Editor).
Berawal dari coba-coba dari perintah ini, Front-matternya menjadi rusak. Untungnya menggunakan git, jadi masih bisa dikembalikan lagi.
Lalu biar mudah saya membuat branch baru bernama theme-migration.
git checkout -b theme-migration Sekarang saya bebas memodifikasinya dengan sed tanpa harus takut rusak lagi.</description></item><item><title>Cara Deploy Hugo dari Gitlab ke Surge</title><link>https://ardianta.github.io/blog/hugo-gitlab-surge/</link><pubDate>Sat, 13 Jan 2018 17:59:45 +0800</pubDate><guid>https://ardianta.github.io/blog/hugo-gitlab-surge/</guid><description>Saya punya project pembuatan template untuk web company profile. Sewaktu ingin memperlihatkan demo, saya menggunakan layanan hosting Surge. Karen sangat mudah sekali.
Cukup dengan mengetik perintah:
surge ./public Website suda di-deploy ke Surge.
Namun, tiap kali deploy, kita akan upload semua file public ke surge. Ini saya rasa kurang bagus, karena koneksi internet saya sangat terbatas (lambat dan kuota tinggal sedikit hahaha 😄).
Karena itu, saya memanfaatkan Gitlab CI:</description></item><item><title>Experimen Deploy Hugo dari Gitlab CI ke Github Pages</title><link>https://ardianta.github.io/blog/gitlab-github-pages/</link><pubDate>Mon, 01 Jan 2018 09:39:08 +0800</pubDate><guid>https://ardianta.github.io/blog/gitlab-github-pages/</guid><description>Di awal tahun baru, sepertinya pegawai Travis CI sedang liburan. Hal ini munkin menyebabkan gangguan build di Travis CI. Akibanya lama menunggu Queue build-nya.
Sebagai alternatif, saya menggunakan CI milik Gitlab.
Ini adalah isi file .gitlab-ci.yml di repo blog saya:
image: andthensome/alpine-hugo-git-bash:0.31.2 before_script: - hugo version github_pages: script: - rm -rf public - git clone --depth 1 https://ardianta:$GITHUB_ACCESS_TOKEN@github.com/ardianta/ardianta.github.io.git public - hugo --config config.production.toml - cd public - git config user.email &amp;quot;&amp;lt;your git email&amp;gt;&amp;quot; - git config --global user.</description></item><item><title>Sekarang Blog ini Menggunakan Travis CI</title><link>https://ardianta.github.io/blog/hugo-travis-ci/</link><pubDate>Sun, 24 Dec 2017 06:05:11 +0800</pubDate><guid>https://ardianta.github.io/blog/hugo-travis-ci/</guid><description>Blog ini di-hosting di Github pada repositori ini: https://github.com/ardianta/ardianta.github.io.
Setiap kali saya ingin deploy, saya harus melakukan push ke sana.
Tapi sekarang sudah tidak lagi, karena sudah dibantu sama Travis CI. yay! 😄
Travis CI ini bertugas untuk melakuakn build dan deploy.
Adapun skrip yang saya gunakan adalah sebagai berikut:
File deploy-ci.sh
#!/bin/bash set -e DEPLOY_REPO=&amp;quot;https://${DEPLOY_BLOG_TOKEN}@github.com/ardianta/ardianta.github.io.git&amp;quot; function main { clean get_current_site build_site deploy } function clean { echo &amp;quot;cleaning public folder&amp;quot; if [ -d &amp;quot;public&amp;quot; ]; then rm -rf public; fi } function get_current_site { echo &amp;quot;getting latest site&amp;quot; git clone --depth 1 $DEPLOY_REPO public } function build_site { echo &amp;quot;building site.</description></item><item><title>Deploy Hugo ke Firebase dengan Gitlab CI</title><link>https://ardianta.github.io/blog/hugo-gitlab-firebase/</link><pubDate>Sat, 23 Dec 2017 22:25:46 +0800</pubDate><guid>https://ardianta.github.io/blog/hugo-gitlab-firebase/</guid><description>Biasanya saya melakukan deploy dengan perintah firebase deploy. Akan tetapi perintah ini sama persis seperti FTP.
Semua file akan di-upload ke Firebase. Hal ini akan membuat kuota internet saya cepat habis 😄, resiko pakai paket data.
Lalu sebaiknya bagaimana?
Saya ingin mencoba workflow pak Ariya. Beliau deploy Hugo ke Firebase melalui Gitlab CI.
Gambarannya seperti ini:
Sumber: ariya.io
Lalu, pada repo Gitlab, saya menggunakan konfigurasi CI seperti ini:
image: nohitme/hugo-firebase:0.31.1 before_script: - hugo version - firebase --version hugo_firebase: stage: deploy only: - master except: - dev script: - rm -rf public - hugo --config config.</description></item><item><title>Template Baru untuk Lombokfoss</title><link>https://ardianta.github.io/blog/template-lombokfoss/</link><pubDate>Thu, 21 Dec 2017 16:03:55 +0800</pubDate><guid>https://ardianta.github.io/blog/template-lombokfoss/</guid><description>Setelah membuat template untuk blog ini. Sekarang giliran blog Lombokfoss yang saya buatkan templatenya.
Pengerjaannya sangat cepat, cuma 1 hari. Karena saya copas dari template blog ini. Lalu tinggal dimodif dan diatur tata letaknya.
Maka jadilah seperti ini.
Halaman home:
Halaman artikel:
Seperti biasa, untuk tampilan saya masih mengandalkan Bootstrap 4.
Template ini masih belum selesai.
Pekerjaan Selanjutnya Perbaiki tampilan untuk mobile Pasang Komentar Faceook (diganti pakai disqus) Pasang Komentar Disqus Menambahkan Google Analytic (pakai Cloudflare) Menambahkan Open Graph Menambahkan Share Button Mendaftarkan ke Google Webmaster Perbaiki Kualitas Konten Pembuatan halaman 404.</description></item><item><title>Membuat Tema Hugo Sendiri</title><link>https://ardianta.github.io/blog/tema-baru-hugo/</link><pubDate>Mon, 18 Dec 2017 15:49:46 +0800</pubDate><guid>https://ardianta.github.io/blog/tema-baru-hugo/</guid><description>Menggunakan tema orang lain, rasanya saya kurang bebas. Karena banyak yang tidak dipahami di stuktur tema mereka.
Akhirnya saya membuat tema sendiri untuk blog ini.
Tema Baru Ardianta ini isi file config.toml:
baseurl = &amp;quot;https://ardianta.github.io/&amp;quot; title = &amp;quot;Ardianta&amp;quot; theme = &amp;quot;ardianta&amp;quot; googleAnalytics = &amp;quot;UA-54154424-1&amp;quot; disqusShortname = &amp;quot;ardianta&amp;quot; [permalinks] post = &amp;quot;/blog/:slug/&amp;quot; page = &amp;quot;/:slug/&amp;quot; [params] # Site Author author = &amp;quot;Dian&amp;quot; # Description/subtitle for homepage description = &amp;quot;Hello, saya Dian.</description></item><item><title>Hello World! Tulisan Pertama di Blog Hugo</title><link>https://ardianta.github.io/blog/hello-world/</link><pubDate>Tue, 24 Jan 2017 14:35:02 +0800</pubDate><guid>https://ardianta.github.io/blog/hello-world/</guid><description>Hello World!
ini adalah tulisan pertama di blog ini. Baru saja saya membuat blog dengan Hugo. Sekarang lagi dikembangkan dengan tema Hugo Bootstrap v4 Blog.
Saya memilih Hugo, karena rasanya lebih mudah dari pada Jekyll dan Octopress. Meskipun saya belum mengerti bahasa pemrograman Go.
Deploy saya lakukan ke Github Pages dengan dua repositori terpisah. Pertama, repositori ardianta-pargo untuk menyimpan konten, kemudian repositori ardianta.github.io untuk menyimpan halaman publik hasil render dari Hugo.</description></item></channel></rss>