<?xml version="1.0" encoding="utf-8" standalone="yes"?><rss version="2.0" xmlns:atom="http://www.w3.org/2005/Atom"><channel><title>Tags on Ardianta</title><link>https://ardianta.github.io/tags/</link><description>Recent content in Tags on Ardianta</description><generator>Hugo -- gohugo.io</generator><lastBuildDate>Wed, 26 Jun 2019 17:17:43 +0800</lastBuildDate><atom:link href="https://ardianta.github.io/tags/index.xml" rel="self" type="application/rss+xml"/><item><title>Ide</title><link>https://ardianta.github.io/tags/ide/</link><pubDate>Wed, 26 Jun 2019 17:17:43 +0800</pubDate><guid>https://ardianta.github.io/tags/ide/</guid><description/></item><item><title>Drawing</title><link>https://ardianta.github.io/tags/drawing/</link><pubDate>Thu, 06 Jun 2019 19:44:01 +0800</pubDate><guid>https://ardianta.github.io/tags/drawing/</guid><description/></item><item><title>Takbiran</title><link>https://ardianta.github.io/tags/takbiran/</link><pubDate>Wed, 05 Jun 2019 22:00:00 +0800</pubDate><guid>https://ardianta.github.io/tags/takbiran/</guid><description/></item><item><title>tag</title><link>https://ardianta.github.io/tags/tag/</link><pubDate>Fri, 01 Mar 2019 20:17:20 +0800</pubDate><guid>https://ardianta.github.io/tags/tag/</guid><description/></item><item><title>Hikikomori</title><link>https://ardianta.github.io/tags/hikikomori/</link><pubDate>Sun, 24 Feb 2019 22:40:55 +0800</pubDate><guid>https://ardianta.github.io/tags/hikikomori/</guid><description/></item><item><title>Introvert</title><link>https://ardianta.github.io/tags/introvert/</link><pubDate>Sun, 24 Feb 2019 22:40:55 +0800</pubDate><guid>https://ardianta.github.io/tags/introvert/</guid><description/></item><item><title>lombokdev</title><link>https://ardianta.github.io/tags/lombokdev/</link><pubDate>Sun, 24 Feb 2019 00:59:50 +0800</pubDate><guid>https://ardianta.github.io/tags/lombokdev/</guid><description/></item><item><title>Smarfren</title><link>https://ardianta.github.io/tags/smarfren/</link><pubDate>Sun, 24 Feb 2019 00:06:44 +0800</pubDate><guid>https://ardianta.github.io/tags/smarfren/</guid><description/></item><item><title>komunitas</title><link>https://ardianta.github.io/tags/komunitas/</link><pubDate>Sun, 25 Nov 2018 20:41:52 +0800</pubDate><guid>https://ardianta.github.io/tags/komunitas/</guid><description/></item><item><title>workshop</title><link>https://ardianta.github.io/tags/workshop/</link><pubDate>Sun, 25 Nov 2018 20:41:52 +0800</pubDate><guid>https://ardianta.github.io/tags/workshop/</guid><description/></item><item><title>Fotografi</title><link>https://ardianta.github.io/tags/fotografi/</link><pubDate>Mon, 15 Oct 2018 10:10:42 +0800</pubDate><guid>https://ardianta.github.io/tags/fotografi/</guid><description/></item><item><title>Lombok</title><link>https://ardianta.github.io/tags/lombok/</link><pubDate>Mon, 15 Oct 2018 10:10:42 +0800</pubDate><guid>https://ardianta.github.io/tags/lombok/</guid><description/></item><item><title>LombokPhonegraphy</title><link>https://ardianta.github.io/tags/lombokphonegraphy/</link><pubDate>Mon, 15 Oct 2018 10:10:42 +0800</pubDate><guid>https://ardianta.github.io/tags/lombokphonegraphy/</guid><description/></item><item><title>buku</title><link>https://ardianta.github.io/tags/buku/</link><pubDate>Thu, 11 Oct 2018 21:17:26 +0800</pubDate><guid>https://ardianta.github.io/tags/buku/</guid><description/></item><item><title>Blog</title><link>https://ardianta.github.io/tags/blog/</link><pubDate>Sat, 08 Sep 2018 22:15:58 +0800</pubDate><guid>https://ardianta.github.io/tags/blog/</guid><description/></item><item><title>Hugo</title><link>https://ardianta.github.io/tags/hugo/</link><pubDate>Sat, 08 Sep 2018 22:15:58 +0800</pubDate><guid>https://ardianta.github.io/tags/hugo/</guid><description/></item><item><title>Cloudflare</title><link>https://ardianta.github.io/tags/cloudflare/</link><pubDate>Tue, 04 Sep 2018 18:05:05 +0800</pubDate><guid>https://ardianta.github.io/tags/cloudflare/</guid><description/></item><item><title>netlify</title><link>https://ardianta.github.io/tags/netlify/</link><pubDate>Tue, 04 Sep 2018 18:05:05 +0800</pubDate><guid>https://ardianta.github.io/tags/netlify/</guid><description/></item><item><title>Belajar</title><link>https://ardianta.github.io/tags/belajar/</link><pubDate>Mon, 27 Aug 2018 09:59:16 +0800</pubDate><guid>https://ardianta.github.io/tags/belajar/</guid><description/></item><item><title>Geologi</title><link>https://ardianta.github.io/tags/geologi/</link><pubDate>Mon, 27 Aug 2018 09:59:16 +0800</pubDate><guid>https://ardianta.github.io/tags/geologi/</guid><description/></item><item><title>gempa</title><link>https://ardianta.github.io/tags/gempa/</link><pubDate>Mon, 27 Aug 2018 09:59:16 +0800</pubDate><guid>https://ardianta.github.io/tags/gempa/</guid><description/></item><item><title>Animasi</title><link>https://ardianta.github.io/tags/animasi/</link><pubDate>Fri, 22 Jun 2018 03:02:11 +0800</pubDate><guid>https://ardianta.github.io/tags/animasi/</guid><description/></item><item><title>Anime</title><link>https://ardianta.github.io/tags/anime/</link><pubDate>Fri, 22 Jun 2018 03:02:11 +0800</pubDate><guid>https://ardianta.github.io/tags/anime/</guid><description/></item><item><title>GIMP</title><link>https://ardianta.github.io/tags/gimp/</link><pubDate>Fri, 22 Jun 2018 03:02:11 +0800</pubDate><guid>https://ardianta.github.io/tags/gimp/</guid><description/></item><item><title>Krita</title><link>https://ardianta.github.io/tags/krita/</link><pubDate>Fri, 22 Jun 2018 03:02:11 +0800</pubDate><guid>https://ardianta.github.io/tags/krita/</guid><description/></item><item><title>Kubuntu</title><link>https://ardianta.github.io/tags/kubuntu/</link><pubDate>Thu, 07 Jun 2018 06:20:39 +0800</pubDate><guid>https://ardianta.github.io/tags/kubuntu/</guid><description/></item><item><title>Linux</title><link>https://ardianta.github.io/tags/linux/</link><pubDate>Thu, 07 Jun 2018 06:20:39 +0800</pubDate><guid>https://ardianta.github.io/tags/linux/</guid><description/></item><item><title>Ubuntu</title><link>https://ardianta.github.io/tags/ubuntu/</link><pubDate>Thu, 07 Jun 2018 06:20:39 +0800</pubDate><guid>https://ardianta.github.io/tags/ubuntu/</guid><description/></item><item><title>coding</title><link>https://ardianta.github.io/tags/coding/</link><pubDate>Wed, 30 May 2018 04:42:41 +0800</pubDate><guid>https://ardianta.github.io/tags/coding/</guid><description/></item><item><title>laravel</title><link>https://ardianta.github.io/tags/laravel/</link><pubDate>Wed, 30 May 2018 04:42:41 +0800</pubDate><guid>https://ardianta.github.io/tags/laravel/</guid><description/></item><item><title>php</title><link>https://ardianta.github.io/tags/php/</link><pubDate>Wed, 30 May 2018 04:42:41 +0800</pubDate><guid>https://ardianta.github.io/tags/php/</guid><description/></item><item><title>art</title><link>https://ardianta.github.io/tags/art/</link><pubDate>Mon, 14 May 2018 10:38:39 +0800</pubDate><guid>https://ardianta.github.io/tags/art/</guid><description/></item><item><title>menggambar</title><link>https://ardianta.github.io/tags/menggambar/</link><pubDate>Sat, 12 May 2018 22:55:39 +0800</pubDate><guid>https://ardianta.github.io/tags/menggambar/</guid><description/></item><item><title>nostalgia</title><link>https://ardianta.github.io/tags/nostalgia/</link><pubDate>Sat, 12 May 2018 22:55:39 +0800</pubDate><guid>https://ardianta.github.io/tags/nostalgia/</guid><description/></item><item><title>Bootstrap</title><link>https://ardianta.github.io/tags/bootstrap/</link><pubDate>Wed, 25 Apr 2018 21:22:40 +0800</pubDate><guid>https://ardianta.github.io/tags/bootstrap/</guid><description/></item><item><title>hobi</title><link>https://ardianta.github.io/tags/hobi/</link><pubDate>Sat, 21 Apr 2018 15:27:53 +0800</pubDate><guid>https://ardianta.github.io/tags/hobi/</guid><description/></item><item><title>Python</title><link>https://ardianta.github.io/tags/python/</link><pubDate>Fri, 16 Feb 2018 07:15:15 +0800</pubDate><guid>https://ardianta.github.io/tags/python/</guid><description/></item><item><title>vim</title><link>https://ardianta.github.io/tags/vim/</link><pubDate>Mon, 12 Feb 2018 23:20:53 +0800</pubDate><guid>https://ardianta.github.io/tags/vim/</guid><description/></item><item><title>Inkscape</title><link>https://ardianta.github.io/tags/inkscape/</link><pubDate>Tue, 06 Feb 2018 16:29:16 +0800</pubDate><guid>https://ardianta.github.io/tags/inkscape/</guid><description/></item><item><title>Freelance</title><link>https://ardianta.github.io/tags/freelance/</link><pubDate>Wed, 31 Jan 2018 10:52:18 +0800</pubDate><guid>https://ardianta.github.io/tags/freelance/</guid><description/></item><item><title>Upwork</title><link>https://ardianta.github.io/tags/upwork/</link><pubDate>Wed, 31 Jan 2018 10:52:18 +0800</pubDate><guid>https://ardianta.github.io/tags/upwork/</guid><description/></item><item><title>Menulis</title><link>https://ardianta.github.io/tags/menulis/</link><pubDate>Wed, 24 Jan 2018 03:01:24 +0800</pubDate><guid>https://ardianta.github.io/tags/menulis/</guid><description/></item><item><title>Pandoc</title><link>https://ardianta.github.io/tags/pandoc/</link><pubDate>Tue, 23 Jan 2018 20:01:12 +0800</pubDate><guid>https://ardianta.github.io/tags/pandoc/</guid><description/></item><item><title>Gitlab</title><link>https://ardianta.github.io/tags/gitlab/</link><pubDate>Sat, 13 Jan 2018 17:59:45 +0800</pubDate><guid>https://ardianta.github.io/tags/gitlab/</guid><description/></item><item><title>Surge</title><link>https://ardianta.github.io/tags/surge/</link><pubDate>Sat, 13 Jan 2018 17:59:45 +0800</pubDate><guid>https://ardianta.github.io/tags/surge/</guid><description/></item><item><title>CI</title><link>https://ardianta.github.io/tags/ci/</link><pubDate>Mon, 01 Jan 2018 09:39:08 +0800</pubDate><guid>https://ardianta.github.io/tags/ci/</guid><description/></item><item><title>Github</title><link>https://ardianta.github.io/tags/github/</link><pubDate>Mon, 01 Jan 2018 09:39:08 +0800</pubDate><guid>https://ardianta.github.io/tags/github/</guid><description/></item><item><title>Goal</title><link>https://ardianta.github.io/tags/goal/</link><pubDate>Mon, 01 Jan 2018 06:50:11 +0800</pubDate><guid>https://ardianta.github.io/tags/goal/</guid><description/></item><item><title>Docker</title><link>https://ardianta.github.io/tags/docker/</link><pubDate>Sun, 31 Dec 2017 04:29:54 +0800</pubDate><guid>https://ardianta.github.io/tags/docker/</guid><description/></item><item><title>Mint</title><link>https://ardianta.github.io/tags/mint/</link><pubDate>Sun, 31 Dec 2017 04:29:54 +0800</pubDate><guid>https://ardianta.github.io/tags/mint/</guid><description/></item><item><title>Angular</title><link>https://ardianta.github.io/tags/angular/</link><pubDate>Sat, 30 Dec 2017 12:13:17 +0800</pubDate><guid>https://ardianta.github.io/tags/angular/</guid><description/></item><item><title>Javascript</title><link>https://ardianta.github.io/tags/javascript/</link><pubDate>Sat, 30 Dec 2017 12:13:17 +0800</pubDate><guid>https://ardianta.github.io/tags/javascript/</guid><description/></item><item><title>NPM</title><link>https://ardianta.github.io/tags/npm/</link><pubDate>Sat, 30 Dec 2017 12:13:17 +0800</pubDate><guid>https://ardianta.github.io/tags/npm/</guid><description/></item><item><title>Nodejs</title><link>https://ardianta.github.io/tags/nodejs/</link><pubDate>Sat, 30 Dec 2017 12:13:17 +0800</pubDate><guid>https://ardianta.github.io/tags/nodejs/</guid><description/></item><item><title>Yarn</title><link>https://ardianta.github.io/tags/yarn/</link><pubDate>Sat, 30 Dec 2017 12:13:17 +0800</pubDate><guid>https://ardianta.github.io/tags/yarn/</guid><description/></item><item><title>Reactjs</title><link>https://ardianta.github.io/tags/reactjs/</link><pubDate>Fri, 29 Dec 2017 04:24:49 +0800</pubDate><guid>https://ardianta.github.io/tags/reactjs/</guid><description/></item><item><title>Git</title><link>https://ardianta.github.io/tags/git/</link><pubDate>Tue, 26 Dec 2017 04:13:15 +0800</pubDate><guid>https://ardianta.github.io/tags/git/</guid><description/></item><item><title>DNS</title><link>https://ardianta.github.io/tags/dns/</link><pubDate>Sun, 24 Dec 2017 18:31:41 +0800</pubDate><guid>https://ardianta.github.io/tags/dns/</guid><description/></item><item><title>Travis</title><link>https://ardianta.github.io/tags/travis/</link><pubDate>Sun, 24 Dec 2017 06:05:11 +0800</pubDate><guid>https://ardianta.github.io/tags/travis/</guid><description/></item><item><title>firebase</title><link>https://ardianta.github.io/tags/firebase/</link><pubDate>Sat, 23 Dec 2017 22:25:46 +0800</pubDate><guid>https://ardianta.github.io/tags/firebase/</guid><description/></item><item><title>meetup</title><link>https://ardianta.github.io/tags/meetup/</link><pubDate>Tue, 17 Oct 2017 23:43:40 +0800</pubDate><guid>https://ardianta.github.io/tags/meetup/</guid><description/></item><item><title>laptop</title><link>https://ardianta.github.io/tags/laptop/</link><pubDate>Sat, 06 Jun 2015 23:44:45 +0800</pubDate><guid>https://ardianta.github.io/tags/laptop/</guid><description/></item></channel></rss>