<?xml version="1.0" encoding="utf-8" standalone="yes"?><rss version="2.0" xmlns:atom="http://www.w3.org/2005/Atom"><channel><title>DNS on Ardianta</title><link>https://ardianta.github.io/tags/dns/</link><description>Recent content in DNS on Ardianta</description><generator>Hugo -- gohugo.io</generator><lastBuildDate>Sun, 24 Dec 2017 18:31:41 +0800</lastBuildDate><atom:link href="https://ardianta.github.io/tags/dns/index.xml" rel="self" type="application/rss+xml"/><item><title>Serius Nih! Cloudflare tidak Melakukan Propagasi</title><link>https://ardianta.github.io/blog/cloudflare-propagasi/</link><pubDate>Sun, 24 Dec 2017 18:31:41 +0800</pubDate><guid>https://ardianta.github.io/blog/cloudflare-propagasi/</guid><description>Biasanya kalau kita ganti server hosting, lalu alamat IP domain diganti dengan server yang baru, maka membutuhkan masa propagasi.
Propagasi bertujuan untuk mengumumkan alamat IP baru ke semua jaringan internet. Propagasi biasanya membutuhkan waktu 24 jam sampai bahkan 1 minggu.
Pengalaman kemarin, saya pindah-pindah server hosting dari Blogger ke Gitlab, dari Gitlab ke Github.
Propagasinya lama dan domain belum bisa diakses sampai masa propagasi selesai. Kira-kira 2&amp;ndash;3 hari baru bisa selesai.</description></item></channel></rss>