<?xml version="1.0" encoding="utf-8" standalone="yes"?><rss version="2.0" xmlns:atom="http://www.w3.org/2005/Atom"><channel><title>Cloudflare on Ardianta</title><link>https://ardianta.github.io/tags/cloudflare/</link><description>Recent content in Cloudflare on Ardianta</description><generator>Hugo -- gohugo.io</generator><lastBuildDate>Tue, 04 Sep 2018 18:05:05 +0800</lastBuildDate><atom:link href="https://ardianta.github.io/tags/cloudflare/index.xml" rel="self" type="application/rss+xml"/><item><title>Error 520: Petanikode Down!</title><link>https://ardianta.github.io/blog/dns-netlify/</link><pubDate>Tue, 04 Sep 2018 18:05:05 +0800</pubDate><guid>https://ardianta.github.io/blog/dns-netlify/</guid><description>Beberapa hari ini saya sering mendapatkan laporan error 520 dari pengunjung Petanikode.
Apakah mungkin karena trafiknya terlalu ramai?
Ataukah Netlify yang tidak mau akur dengan cloudflare?
Saya tidak tahu penyebabnya apa&amp;hellip;
Namun, screenshot di atas menujukan kalau server tempat Petanikode di-hosting telah down.
Sedangkan Cloudflare berusaha melayani request dengan cache yang ada.
Hmmm&amp;hellip;.
Apakah Bandwidth-nya habis? Netlify memberikan kuota bandwidth sampai 100GB per bulan. Kalau dilihat dari analytic Cloudflare&amp;hellip;</description></item><item><title>Serius Nih! Cloudflare tidak Melakukan Propagasi</title><link>https://ardianta.github.io/blog/cloudflare-propagasi/</link><pubDate>Sun, 24 Dec 2017 18:31:41 +0800</pubDate><guid>https://ardianta.github.io/blog/cloudflare-propagasi/</guid><description>Biasanya kalau kita ganti server hosting, lalu alamat IP domain diganti dengan server yang baru, maka membutuhkan masa propagasi.
Propagasi bertujuan untuk mengumumkan alamat IP baru ke semua jaringan internet. Propagasi biasanya membutuhkan waktu 24 jam sampai bahkan 1 minggu.
Pengalaman kemarin, saya pindah-pindah server hosting dari Blogger ke Gitlab, dari Gitlab ke Github.
Propagasinya lama dan domain belum bisa diakses sampai masa propagasi selesai. Kira-kira 2&amp;ndash;3 hari baru bisa selesai.</description></item></channel></rss>