<?xml version="1.0" encoding="utf-8" standalone="yes"?><rss version="2.0" xmlns:atom="http://www.w3.org/2005/Atom"><channel><title>Goal on Ardianta</title><link>https://ardianta.github.io/tags/goal/</link><description>Recent content in Goal on Ardianta</description><generator>Hugo -- gohugo.io</generator><lastBuildDate>Mon, 01 Jan 2018 06:50:11 +0800</lastBuildDate><atom:link href="https://ardianta.github.io/tags/goal/index.xml" rel="self" type="application/rss+xml"/><item><title>Goal yang ingin Saya Capai di Tahun 2018</title><link>https://ardianta.github.io/blog/goal-2018/</link><pubDate>Mon, 01 Jan 2018 06:50:11 +0800</pubDate><guid>https://ardianta.github.io/blog/goal-2018/</guid><description>Waktu sangat cepat berlalu ya&amp;hellip;
Sekarang kita sudah sampai di tahun 2018. Artinya bumi sudah melakukan revolusi (mengelilingi matahari) sebanyak 2018x sejak tahun masehi dimulai.
Ada beberapa goal yang ingin saya capai di tahun 2018:
Terbiasa menggunakan Vim Bisa membuat Game dengan Unity atau Godot Membaca 10+ buku (Goodreads Chellange) Menerbitkan Buku atau Ebook Membuat Aplikasi/Game Android dan Akun Playstore Melengkapi Tutorial di Petanikode Perbanyak latihan komunikasi dan public speaking (sampai jadi PD) Belajar Menggambar Lagi (dimulai 18 Maret 2018) Beli pen tablet Wacom Fasih berbicara bahasa inggris Belajar Teknologi Bitcoin Morning rituals: Olahraga tiap pagi (minimal push-up 10x) Morning rituals: Rapikan kamar, Nyapu halaman tiap pagi Tidur tepat Waktu sesuai jam alam Beberapa goal mungkin tidak akan bisa dicapai.</description></item></channel></rss>