<?xml version="1.0" encoding="utf-8" standalone="yes"?><rss version="2.0" xmlns:atom="http://www.w3.org/2005/Atom"><channel><title>laravel on Ardianta</title><link>https://ardianta.github.io/tags/laravel/</link><description>Recent content in laravel on Ardianta</description><generator>Hugo -- gohugo.io</generator><lastBuildDate>Wed, 30 May 2018 04:42:41 +0800</lastBuildDate><atom:link href="https://ardianta.github.io/tags/laravel/index.xml" rel="self" type="application/rss+xml"/><item><title>Masalah Saat Install Laravel</title><link>https://ardianta.github.io/blog/install-laravel/</link><pubDate>Wed, 30 May 2018 04:42:41 +0800</pubDate><guid>https://ardianta.github.io/blog/install-laravel/</guid><description>Server tidak bisa dijalankan: $ php artisan serve PHP Warning: require(/home/petanikode/tmp/mikroblog/vendor/autoload.php): failed to open stream: No such file or directory in /home/petanikode/tmp/mikroblog/artisan on line 18 PHP Fatal error: require(): Failed opening required &#39;/home/petanikode/tmp/mikroblog/vendor/autoload.php&#39; (include_path=&#39;.:/usr/share/php&#39;) in /home/petanikode/tmp/mikroblog/artisan on line 18 Solusi:
Coba jalankan perintah:
composer install Versi PHP masih Versi Lama Muncul masalah lagi, ternyata versi PHP yang saya gunakan masih versi lama:
$ composer install Loading composer repositories with package information Updating dependencies (including require-dev) Your requirements could not be resolved to an installable set of packages.</description></item></channel></rss>