<?xml version="1.0" encoding="utf-8" standalone="yes"?><rss version="2.0" xmlns:atom="http://www.w3.org/2005/Atom"><channel><title>lombokdev on Ardianta</title><link>https://ardianta.github.io/tags/lombokdev/</link><description>Recent content in lombokdev on Ardianta</description><generator>Hugo -- gohugo.io</generator><lastBuildDate>Sun, 24 Feb 2019 00:59:50 +0800</lastBuildDate><atom:link href="https://ardianta.github.io/tags/lombokdev/index.xml" rel="self" type="application/rss+xml"/><item><title>Lombokdev Meetup #006: Introduction to Hugo</title><link>https://ardianta.github.io/blog/lombokdev-meetup-6/</link><pubDate>Sun, 24 Feb 2019 00:59:50 +0800</pubDate><guid>https://ardianta.github.io/blog/lombokdev-meetup-6/</guid><description>Yey! pada Lombokdev Meetup yang ke #006 ini saya menjadi pemateri dan membawakan tentang Hugo.
Pada meetup kali ini, temanya seputar Web, Kecerdasaran Buatan (AI), dan IoT.
Tidak ada yang bahas tentang Mobil atau Android Development.
Yang menarik, si om Rizal yang membuat LumpyBoard ada di sini juga.
Kronologi Acara ini dimulai sekitar pukul 9 pagi di Kafe Suetjipto 1.0 Ampenan.
Berikut susunan acaranya:
WAKTU PEMBICARA AGENDA 08.</description></item><item><title>Lombokdev Meetup #002</title><link>https://ardianta.github.io/blog/lombokdev-meetup-2/</link><pubDate>Tue, 17 Oct 2017 23:43:40 +0800</pubDate><guid>https://ardianta.github.io/blog/lombokdev-meetup-2/</guid><description>Acara-acara IT di Lombok tidak seramai di Jawa. Tapi kali ini ada Lombokdev Meetup ke-2 yang diselengarakan oleh komunitas Lombokdev.
Beberapa teman yang sudah bekerja di Jawa bahkan rela pulang beberapa hari ke Lombok untuk menghadiri acara ini.
#lombokdev #lombokdevmeetup pic.twitter.com/cUlA61gSEa
&amp;mdash; Ardianta (@ArdiantaPargo) October 15, 2017 Materi yang disampaikan di acara ini cukup menarik dan beragam. Bisa di lihat di sini: Lombokdev/Meetup002.
Acara ini berlokasi di Cafe Soecjipto, Ampenan.</description></item></channel></rss>