<?xml version="1.0" encoding="utf-8" standalone="yes"?><rss version="2.0" xmlns:atom="http://www.w3.org/2005/Atom"><channel><title>art on Ardianta</title><link>https://ardianta.github.io/tags/art/</link><description>Recent content in art on Ardianta</description><generator>Hugo -- gohugo.io</generator><lastBuildDate>Mon, 14 May 2018 10:38:39 +0800</lastBuildDate><atom:link href="https://ardianta.github.io/tags/art/index.xml" rel="self" type="application/rss+xml"/><item><title>Hasil Latihan Menggambar Menggunakan Pen Tablet Wacom Selama 1 Minggu</title><link>https://ardianta.github.io/blog/wacom/</link><pubDate>Mon, 14 May 2018 10:38:39 +0800</pubDate><guid>https://ardianta.github.io/blog/wacom/</guid><description>Hari sabtu tanggal 3 Mei kemarin, saya membeli pen tablet wacom milik teman saya.
Wacom model Intuos CTH-480.
Ini memang model lama, Dia beli skitar 3 tahun yang lalu. Namun, tidak pernah dipakai.
Pengalaman Pertama Menggunakan Wacom Dulu saya memang pernah mencoba wacom ini, hasilnya:
Ini saya gambar sekitar 3 tahun yang lalu&amp;hellip;
Sekarang saya mencoba lagi menggunakan Wacom.
Hasilnya:
Sabtu, 05 Mei 2018 Gambar Pertama:
Gambar Kedua:</description></item><item><title>Hasil Latihan Belajar Menggambar Selama Satu Bulan</title><link>https://ardianta.github.io/blog/satu-bulan-menggambar/</link><pubDate>Sat, 21 Apr 2018 15:27:53 +0800</pubDate><guid>https://ardianta.github.io/blog/satu-bulan-menggambar/</guid><description>Sejak tanggal 18 maret yang lalu, saya tidak sengaja mencorat-coret kertas bekas dengan pensil. Melihat hasilnya yang cukup bagus, saya tertarik lagi untuk menggambar.
Nyoba belajar gambar lagi... pic.twitter.com/uK631mVrla
&amp;mdash; Ardianta (@ArdiantaPargo) March 17, 2018 Menggambar adalah hobi saya sejak SD dan SMP.
Lalu, saat masuk SMK dan kuliah, saya tidak menggambar lagi. Karena mungkin tidak ada teman yang sehobi dengan saya.
Lalu beberapa waktu yang lalu, saya menemukan video tutorial menggambar manga di Youtube.</description></item></channel></rss>