<?xml version="1.0" encoding="utf-8" standalone="yes"?><rss version="2.0" xmlns:atom="http://www.w3.org/2005/Atom"><channel><title>laptop on Ardianta</title><link>https://ardianta.github.io/tags/laptop/</link><description>Recent content in laptop on Ardianta</description><generator>Hugo -- gohugo.io</generator><lastBuildDate>Sat, 06 Jun 2015 23:44:45 +0800</lastBuildDate><atom:link href="https://ardianta.github.io/tags/laptop/index.xml" rel="self" type="application/rss+xml"/><item><title>Memperbaiki Laptop HP: COOLING FAN (902) ERROR</title><link>https://ardianta.github.io/blog/hp-cooling-fan/</link><pubDate>Sat, 06 Jun 2015 23:44:45 +0800</pubDate><guid>https://ardianta.github.io/blog/hp-cooling-fan/</guid><description>(ini adalah tulisan impor dari blog lama)
Ceritanya ada sebuah laptop (HP Mini) milik rekan bapak saya, setiap kali dihidupkan muncul pesan &amp;ldquo;COOLING FAN (902) ERROR&amp;rdquo;.
Saya coba masuk ke BIOS, tidak bisa.
Akhirnya saya membongkarnya.
Menurut pendapat saya, mungkin baterai CMOS-nya perlu di cabut supaya konfigurasi BIOS-nya di-reset.
Setelah membongkar dan mencabut baterai CMOS, mesih saja belum bisa.
Belum mau menyerah, selanjutnya saya cari solusi di Google dan menemukan viedo ini:</description></item></channel></rss>