<?xml version="1.0" encoding="utf-8" standalone="yes"?><rss version="2.0" xmlns:atom="http://www.w3.org/2005/Atom"><channel><title>Bootstrap on Ardianta</title><link>https://ardianta.github.io/tags/bootstrap/</link><description>Recent content in Bootstrap on Ardianta</description><generator>Hugo -- gohugo.io</generator><lastBuildDate>Wed, 25 Apr 2018 21:22:40 +0800</lastBuildDate><atom:link href="https://ardianta.github.io/tags/bootstrap/index.xml" rel="self" type="application/rss+xml"/><item><title>Melanjutkan Pembuatan Template Blogger dengan Bootstrap</title><link>https://ardianta.github.io/blog/template-bs4blogger/</link><pubDate>Wed, 25 Apr 2018 21:22:40 +0800</pubDate><guid>https://ardianta.github.io/blog/template-bs4blogger/</guid><description>Sudah cukup lama saya mulai pembuatan template ini. Namun, belum sempat dilanjutkan lagi.
Kemarin saya coba otak-atik lagi&amp;hellip;
&amp;hellip;dan ini hasilnya:
Terlhat bagus 😄
Template ini sebenarnya replika dari template Petani Kode. Karena banyak yang meminta saya untuk membuat versi Bloggernya.
Template ini saya persembahkan untuk kawan-kawan yang ingin membuat blognya terlihat:
Bersih Rapi Elegan Sederhana dan profesional. Tertarik? Cek demonya di sini: https://bs4blogger.blogspot.co.id/
Oya, template ini masih belum jadi&amp;hellip;</description></item><item><title>Eksperimen Membuat Template Blogger dengan Bootstrap 4</title><link>https://ardianta.github.io/blog/template-blogger/</link><pubDate>Thu, 25 Jan 2018 20:30:53 +0800</pubDate><guid>https://ardianta.github.io/blog/template-blogger/</guid><description>Tadi malam saya coba eksperimen membuat template blogger dengan Bootstrap 4. Saya membuat blog baru (https://bs4blogger.blogspot.com) untuk eksperimen ini.
Membuat template blog sepertinya lebih sulit daripada membuat template Hugo. Karena dokumentasi template blogger sangat minim.
Berikut ini link dokumentasi yang bisa digunakan:
Pengenalan konsep dasar template blogger Penjelasan tentang CSS di Template Penjelasan tentang kode widget Variabel data di template Saya juga menggunakan semacam cheatsheet untuk mempermudah dalam mengetahui isi dari variabel data.</description></item></channel></rss>