<?xml version="1.0" encoding="utf-8" standalone="yes"?><rss version="2.0" xmlns:atom="http://www.w3.org/2005/Atom"><channel><title>Ide on Ardianta</title><link>https://ardianta.github.io/tags/ide/</link><description>Recent content in Ide on Ardianta</description><generator>Hugo -- gohugo.io</generator><lastBuildDate>Wed, 26 Jun 2019 17:17:43 +0800</lastBuildDate><atom:link href="https://ardianta.github.io/tags/ide/index.xml" rel="self" type="application/rss+xml"/><item><title>Ngomong itu Gampang, Ngerjainnya yang...</title><link>https://ardianta.github.io/blog/ngomong-itu-gampang/</link><pubDate>Wed, 26 Jun 2019 17:17:43 +0800</pubDate><guid>https://ardianta.github.io/blog/ngomong-itu-gampang/</guid><description>Ngomongin suatu ide itu gampang, tapi ngerjainnya susah!
Sebagai contoh:
&amp;ldquo;Mengapa sih pemerintah nggak bikin aja peraturan, supaya siapa yang buang sampah sembarangan kena denda. Nanti kan bisa kita manfaatkan aparat untuk menilanngya. Kan lumayan bisa nambah kas negara.&amp;rdquo;
Ah ya&amp;hellip; itu tadi omong kosong saya, yang begitu gampang diucapkan.
Tapi bagaimana kalau sekarang saya berada di posisi pemerintah?
(terdiam)</description></item></channel></rss>