<?xml version="1.0" encoding="utf-8" standalone="yes"?><rss version="2.0" xmlns:atom="http://www.w3.org/2005/Atom"><channel><title>Javascript on Ardianta</title><link>https://ardianta.github.io/tags/javascript/</link><description>Recent content in Javascript on Ardianta</description><generator>Hugo -- gohugo.io</generator><lastBuildDate>Sat, 30 Dec 2017 12:13:17 +0800</lastBuildDate><atom:link href="https://ardianta.github.io/tags/javascript/index.xml" rel="self" type="application/rss+xml"/><item><title>Menggunakan Yarn pada Angular CLI</title><link>https://ardianta.github.io/blog/angular-yarn/</link><pubDate>Sat, 30 Dec 2017 12:13:17 +0800</pubDate><guid>https://ardianta.github.io/blog/angular-yarn/</guid><description>Angular default-nya menggunakan NPM. Apabila ingin mengganti package manager ke Yarn, cukup ketik perintah ini:
ng set --global packageManager=yarn Percobaan:
Untuk mengembalikan ke NPM:
ng set --global packageManager=npm Kenapa Pakai Yarn?
Menurut saya Yarn lebih cepat daripada NPM dan Yarn bisa digunakan Offline.
Sumber: https://medium.com/@beeman/using-yarn-with-angular-cli-db2e318e43c5</description></item><item><title>Langkah Awal: Belajar Reactjs</title><link>https://ardianta.github.io/blog/belajar-reactjs/</link><pubDate>Fri, 29 Dec 2017 04:24:49 +0800</pubDate><guid>https://ardianta.github.io/blog/belajar-reactjs/</guid><description>Saya telat ikut kulgram Reactjs di @lombokjs, karena kehabisan kuota 😢.
Tapi tak masalah, di Telegram masih tersimpan arsipnya.
Langkah awal belajar React, ya pertama harus kenalan dulu dengan React-nya.
Bagaimana sejarahnya?
Kenapa harus menggunakan React?
Bagaimana konsep React?
Kira-kira itulah isi dari kulgram semalam yang nggak saya ikuti.
Tapi pagi ini, saya mau coba-coba langsung&amp;hellip;
Coba nginstall aja, siapa tau mau belajar lebih lanjut.
Memulai Project React Saya akan menggunakan yarn dan create-react-app untuk memulai.</description></item></channel></rss>