<?xml version="1.0" encoding="utf-8" standalone="yes"?><rss version="2.0" xmlns:atom="http://www.w3.org/2005/Atom"><channel><title>Pandoc on Ardianta</title><link>https://ardianta.github.io/tags/pandoc/</link><description>Recent content in Pandoc on Ardianta</description><generator>Hugo -- gohugo.io</generator><lastBuildDate>Tue, 23 Jan 2018 20:01:12 +0800</lastBuildDate><atom:link href="https://ardianta.github.io/tags/pandoc/index.xml" rel="self" type="application/rss+xml"/><item><title>Belajar Menulis Buku dengan Pandoc</title><link>https://ardianta.github.io/blog/buku-pandoc/</link><pubDate>Tue, 23 Jan 2018 20:01:12 +0800</pubDate><guid>https://ardianta.github.io/blog/buku-pandoc/</guid><description>Salah satu goal saya di tahun 2018 adalah membuat buku. Setidaknya bisa membuat ebook untuk catatan pribadi.
Syukur-syukur kalau ada yang mau baca 😄.
Pertama saya coba-coba lihat info di leanpub tentang cara menulis di sana. Namun, sepertinya berbayar $99 untuk bisa menulis di sana.
Dulu saya juga pernah coba-coba gitbook, tapi sudah lupa.
Nah sekarang saya menemukan Pandoc yang merupakan sebuah program CLI untuk konversi dokumen ke beberapa format seperti HTML, EPUB, dll.</description></item></channel></rss>