<?xml version="1.0" encoding="utf-8" standalone="yes"?><rss version="2.0" xmlns:atom="http://www.w3.org/2005/Atom"><channel><title>Gitlab on Ardianta</title><link>https://ardianta.github.io/tags/gitlab/</link><description>Recent content in Gitlab on Ardianta</description><generator>Hugo -- gohugo.io</generator><lastBuildDate>Sat, 13 Jan 2018 17:59:45 +0800</lastBuildDate><atom:link href="https://ardianta.github.io/tags/gitlab/index.xml" rel="self" type="application/rss+xml"/><item><title>Cara Deploy Hugo dari Gitlab ke Surge</title><link>https://ardianta.github.io/blog/hugo-gitlab-surge/</link><pubDate>Sat, 13 Jan 2018 17:59:45 +0800</pubDate><guid>https://ardianta.github.io/blog/hugo-gitlab-surge/</guid><description>Saya punya project pembuatan template untuk web company profile. Sewaktu ingin memperlihatkan demo, saya menggunakan layanan hosting Surge. Karen sangat mudah sekali.
Cukup dengan mengetik perintah:
surge ./public Website suda di-deploy ke Surge.
Namun, tiap kali deploy, kita akan upload semua file public ke surge. Ini saya rasa kurang bagus, karena koneksi internet saya sangat terbatas (lambat dan kuota tinggal sedikit hahaha 😄).
Karena itu, saya memanfaatkan Gitlab CI:</description></item><item><title>Experimen Deploy Hugo dari Gitlab CI ke Github Pages</title><link>https://ardianta.github.io/blog/gitlab-github-pages/</link><pubDate>Mon, 01 Jan 2018 09:39:08 +0800</pubDate><guid>https://ardianta.github.io/blog/gitlab-github-pages/</guid><description>Di awal tahun baru, sepertinya pegawai Travis CI sedang liburan. Hal ini munkin menyebabkan gangguan build di Travis CI. Akibanya lama menunggu Queue build-nya.
Sebagai alternatif, saya menggunakan CI milik Gitlab.
Ini adalah isi file .gitlab-ci.yml di repo blog saya:
image: andthensome/alpine-hugo-git-bash:0.31.2 before_script: - hugo version github_pages: script: - rm -rf public - git clone --depth 1 https://ardianta:$GITHUB_ACCESS_TOKEN@github.com/ardianta/ardianta.github.io.git public - hugo --config config.production.toml - cd public - git config user.email &amp;quot;&amp;lt;your git email&amp;gt;&amp;quot; - git config --global user.</description></item><item><title>Deploy Hugo ke Firebase dengan Gitlab CI</title><link>https://ardianta.github.io/blog/hugo-gitlab-firebase/</link><pubDate>Sat, 23 Dec 2017 22:25:46 +0800</pubDate><guid>https://ardianta.github.io/blog/hugo-gitlab-firebase/</guid><description>Biasanya saya melakukan deploy dengan perintah firebase deploy. Akan tetapi perintah ini sama persis seperti FTP.
Semua file akan di-upload ke Firebase. Hal ini akan membuat kuota internet saya cepat habis 😄, resiko pakai paket data.
Lalu sebaiknya bagaimana?
Saya ingin mencoba workflow pak Ariya. Beliau deploy Hugo ke Firebase melalui Gitlab CI.
Gambarannya seperti ini:
Sumber: ariya.io
Lalu, pada repo Gitlab, saya menggunakan konfigurasi CI seperti ini:
image: nohitme/hugo-firebase:0.31.1 before_script: - hugo version - firebase --version hugo_firebase: stage: deploy only: - master except: - dev script: - rm -rf public - hugo --config config.</description></item></channel></rss>