<?xml version="1.0" encoding="utf-8" standalone="yes"?><rss version="2.0" xmlns:atom="http://www.w3.org/2005/Atom"><channel><title>netlify on Ardianta</title><link>https://ardianta.github.io/tags/netlify/</link><description>Recent content in netlify on Ardianta</description><generator>Hugo -- gohugo.io</generator><lastBuildDate>Tue, 04 Sep 2018 18:05:05 +0800</lastBuildDate><atom:link href="https://ardianta.github.io/tags/netlify/index.xml" rel="self" type="application/rss+xml"/><item><title>Error 520: Petanikode Down!</title><link>https://ardianta.github.io/blog/dns-netlify/</link><pubDate>Tue, 04 Sep 2018 18:05:05 +0800</pubDate><guid>https://ardianta.github.io/blog/dns-netlify/</guid><description>Beberapa hari ini saya sering mendapatkan laporan error 520 dari pengunjung Petanikode.
Apakah mungkin karena trafiknya terlalu ramai?
Ataukah Netlify yang tidak mau akur dengan cloudflare?
Saya tidak tahu penyebabnya apa&amp;hellip;
Namun, screenshot di atas menujukan kalau server tempat Petanikode di-hosting telah down.
Sedangkan Cloudflare berusaha melayani request dengan cache yang ada.
Hmmm&amp;hellip;.
Apakah Bandwidth-nya habis? Netlify memberikan kuota bandwidth sampai 100GB per bulan. Kalau dilihat dari analytic Cloudflare&amp;hellip;</description></item></channel></rss>