<?xml version="1.0" encoding="utf-8" standalone="yes"?><rss version="2.0" xmlns:atom="http://www.w3.org/2005/Atom"><channel><title>tag on Ardianta</title><link>https://ardianta.github.io/tags/tag/</link><description>Recent content in tag on Ardianta</description><generator>Hugo -- gohugo.io</generator><lastBuildDate>Fri, 01 Mar 2019 20:17:20 +0800</lastBuildDate><atom:link href="https://ardianta.github.io/tags/tag/index.xml" rel="self" type="application/rss+xml"/><item><title>Cegah Ghost Spam di Google Analytic</title><link>https://ardianta.github.io/blog/ghost-spam/</link><pubDate>Fri, 01 Mar 2019 20:17:20 +0800</pubDate><guid>https://ardianta.github.io/blog/ghost-spam/</guid><description>Pada tanggal 24 kemarin, trafik di petanikode tiba-tiba meningkat 2x lipat dari biasanya.
Apakah ini bagus?
Tentu saja tidak, karena trafiknya bersal dari spam.
Entah ini disengaja atau tidak, laporan page dari web rmco.id masuk ke google analytic petanikode yang membuat saya bingung.
Tapi untungnya saya menemukan solusinya di https://carloseo.com/removing-google-analytics-spam/
Langkah-langkah pencegahannya:
Masuk ke Admin -&amp;gt; Filter Buat Filter Baru Pilih Include Masukan alamat domain di dalam filter patterrn Simpan Maka laporan trafik yang akan masuk ke Google Analytic hanya akan menampilkan dari domain www.</description></item><item><title>2 Minggu Tanpa Coding</title><link>https://ardianta.github.io/blog/isra-mikraj-2018/</link><pubDate>Fri, 06 Apr 2018 22:47:33 +0800</pubDate><guid>https://ardianta.github.io/blog/isra-mikraj-2018/</guid><description>Dua minggu ini saya nggak pernah coding, karena acara lomba dalam rangka peringatan Isra&amp;rsquo; Mikraj.
Saya menjadi panitia di acara ini.
Selama dua minggu ini, jarang online&amp;hellip;
&amp;hellip;karena acara selesai sampai jam 10, dan beres-beres sampai jam 12.
Akun github saya menjadi sepi.
Tapi yang seru di acara ini:
Bisa ngopi bareng teman-teman.
Bisa merasakan &amp;ldquo;lelahnya&amp;rdquo; menjadi panitia.
dan masih banyak lagi.</description></item></channel></rss>