<?xml version="1.0" encoding="utf-8" standalone="yes"?><rss version="2.0" xmlns:atom="http://www.w3.org/2005/Atom"><channel><title>Surge on Ardianta</title><link>https://ardianta.github.io/tags/surge/</link><description>Recent content in Surge on Ardianta</description><generator>Hugo -- gohugo.io</generator><lastBuildDate>Sat, 13 Jan 2018 17:59:45 +0800</lastBuildDate><atom:link href="https://ardianta.github.io/tags/surge/index.xml" rel="self" type="application/rss+xml"/><item><title>Cara Deploy Hugo dari Gitlab ke Surge</title><link>https://ardianta.github.io/blog/hugo-gitlab-surge/</link><pubDate>Sat, 13 Jan 2018 17:59:45 +0800</pubDate><guid>https://ardianta.github.io/blog/hugo-gitlab-surge/</guid><description>Saya punya project pembuatan template untuk web company profile. Sewaktu ingin memperlihatkan demo, saya menggunakan layanan hosting Surge. Karen sangat mudah sekali.
Cukup dengan mengetik perintah:
surge ./public Website suda di-deploy ke Surge.
Namun, tiap kali deploy, kita akan upload semua file public ke surge. Ini saya rasa kurang bagus, karena koneksi internet saya sangat terbatas (lambat dan kuota tinggal sedikit hahaha 😄).
Karena itu, saya memanfaatkan Gitlab CI:</description></item></channel></rss>