<?xml version="1.0" encoding="utf-8" standalone="yes"?><rss version="2.0" xmlns:atom="http://www.w3.org/2005/Atom"><channel><title>Belajar on Ardianta</title><link>https://ardianta.github.io/tags/belajar/</link><description>Recent content in Belajar on Ardianta</description><generator>Hugo -- gohugo.io</generator><lastBuildDate>Mon, 27 Aug 2018 09:59:16 +0800</lastBuildDate><atom:link href="https://ardianta.github.io/tags/belajar/index.xml" rel="self" type="application/rss+xml"/><item><title>Kritik yang Menjatuhkan...</title><link>https://ardianta.github.io/blog/kritik-menjatuhkan/</link><pubDate>Mon, 27 Aug 2018 09:59:16 +0800</pubDate><guid>https://ardianta.github.io/blog/kritik-menjatuhkan/</guid><description>Pernahkan kamu mendengar kalimat kritik seperti ini:
&amp;ldquo;Ah sok kamu pakai bahasa inggris&amp;rdquo;
Mendengarnya akan membuat mental kita jatuh&amp;hellip;
Kita yang awalnya semangat untuk belajar, tapi malah jadi gak semangat lagi.
Hal senada sering saya dengar belakangan ini.
Saat pemuda-pemuda Lombok mulai kehilangan kepercayaan terhadap BMKG. Mereka mulai belajar sendiri tentang geologi.
Bahkan puluhan pertanyaan pun bermunculan setiap hari di group facebook yang saya ikuti.
Namun, ditengah itu ada juga yang memberi kritik:</description></item></channel></rss>