<?xml version="1.0" encoding="utf-8" standalone="yes"?><rss version="2.0" xmlns:atom="http://www.w3.org/2005/Atom"><channel><title>CI on Ardianta</title><link>https://ardianta.github.io/tags/ci/</link><description>Recent content in CI on Ardianta</description><generator>Hugo -- gohugo.io</generator><lastBuildDate>Mon, 01 Jan 2018 09:39:08 +0800</lastBuildDate><atom:link href="https://ardianta.github.io/tags/ci/index.xml" rel="self" type="application/rss+xml"/><item><title>Experimen Deploy Hugo dari Gitlab CI ke Github Pages</title><link>https://ardianta.github.io/blog/gitlab-github-pages/</link><pubDate>Mon, 01 Jan 2018 09:39:08 +0800</pubDate><guid>https://ardianta.github.io/blog/gitlab-github-pages/</guid><description>Di awal tahun baru, sepertinya pegawai Travis CI sedang liburan. Hal ini munkin menyebabkan gangguan build di Travis CI. Akibanya lama menunggu Queue build-nya.
Sebagai alternatif, saya menggunakan CI milik Gitlab.
Ini adalah isi file .gitlab-ci.yml di repo blog saya:
image: andthensome/alpine-hugo-git-bash:0.31.2 before_script: - hugo version github_pages: script: - rm -rf public - git clone --depth 1 https://ardianta:$GITHUB_ACCESS_TOKEN@github.com/ardianta/ardianta.github.io.git public - hugo --config config.production.toml - cd public - git config user.email &amp;quot;&amp;lt;your git email&amp;gt;&amp;quot; - git config --global user.</description></item><item><title>Sekarang Blog ini Menggunakan Travis CI</title><link>https://ardianta.github.io/blog/hugo-travis-ci/</link><pubDate>Sun, 24 Dec 2017 06:05:11 +0800</pubDate><guid>https://ardianta.github.io/blog/hugo-travis-ci/</guid><description>Blog ini di-hosting di Github pada repositori ini: https://github.com/ardianta/ardianta.github.io.
Setiap kali saya ingin deploy, saya harus melakukan push ke sana.
Tapi sekarang sudah tidak lagi, karena sudah dibantu sama Travis CI. yay! 😄
Travis CI ini bertugas untuk melakuakn build dan deploy.
Adapun skrip yang saya gunakan adalah sebagai berikut:
File deploy-ci.sh
#!/bin/bash set -e DEPLOY_REPO=&amp;quot;https://${DEPLOY_BLOG_TOKEN}@github.com/ardianta/ardianta.github.io.git&amp;quot; function main { clean get_current_site build_site deploy } function clean { echo &amp;quot;cleaning public folder&amp;quot; if [ -d &amp;quot;public&amp;quot; ]; then rm -rf public; fi } function get_current_site { echo &amp;quot;getting latest site&amp;quot; git clone --depth 1 $DEPLOY_REPO public } function build_site { echo &amp;quot;building site.</description></item></channel></rss>