<?xml version="1.0" encoding="utf-8" standalone="yes"?><rss version="2.0" xmlns:atom="http://www.w3.org/2005/Atom"><channel><title>Python on Ardianta</title><link>https://ardianta.github.io/tags/python/</link><description>Recent content in Python on Ardianta</description><generator>Hugo -- gohugo.io</generator><lastBuildDate>Fri, 16 Feb 2018 07:15:15 +0800</lastBuildDate><atom:link href="https://ardianta.github.io/tags/python/index.xml" rel="self" type="application/rss+xml"/><item><title>Isengin Web Python dan dapat akses Shell Linux Gratis!</title><link>https://ardianta.github.io/blog/shell-web-python/</link><pubDate>Fri, 16 Feb 2018 07:15:15 +0800</pubDate><guid>https://ardianta.github.io/blog/shell-web-python/</guid><description>Karena habis gentayangan di beberapa cloud workspace seperti c9.io, codenvy, dan glitch saya tiba-tiba kepikiran untuk mengakses shell dari web Python.
Di website Python, terdapat shell python yang bisa kita gunakan untuk ujicaoba kode python.
Lalu, bagaimana kalau&amp;hellip;
Kita akses shell seperti bash atau zsh di sana?
Ya, itu bisa.
Caranya:
Pertama saya coba-coba dulu menjalankan perintah Linux dengan mengimpor modul os.
Di dalam modul os, terdapat fungsi untuk menjalankan perintah Linux, yaitu: system().</description></item></channel></rss>