<?xml version="1.0" encoding="utf-8" standalone="yes"?><rss version="2.0" xmlns:atom="http://www.w3.org/2005/Atom"><channel><title>Introvert on Ardianta</title><link>https://ardianta.github.io/tags/introvert/</link><description>Recent content in Introvert on Ardianta</description><generator>Hugo -- gohugo.io</generator><lastBuildDate>Sun, 24 Feb 2019 22:40:55 +0800</lastBuildDate><atom:link href="https://ardianta.github.io/tags/introvert/index.xml" rel="self" type="application/rss+xml"/><item><title>Hikikomori dan Introvert</title><link>https://ardianta.github.io/blog/hikikomori/</link><pubDate>Sun, 24 Feb 2019 22:40:55 +0800</pubDate><guid>https://ardianta.github.io/blog/hikikomori/</guid><description>Hasil beberapa tes keperibadian saya adalah INTP (Introversion, Intuition, Thinking, Perceiving). Namun ini bisa saja berubah-ubah, tergantung waktu dan lingkungan.
Orang introvert biasanya dikenal dengan sifat pemalu. Malu bicara sama orang asing, malu melakukan hal-hal yang konyol.
Tapi saat berbicara di depan publik, saya tidak malu. Mungkin karena dulu sering latihan saat menjadi asisten dosen.
Meskipun belum sempurna, kemampuan berbicara di depan umum ini perlu ditingkatkan.
Ngomong-ngomong tentang introvert&amp;hellip;</description></item></channel></rss>