<?xml version="1.0" encoding="utf-8" standalone="yes"?><rss version="2.0" xmlns:atom="http://www.w3.org/2005/Atom"><channel><title>gempa on Ardianta</title><link>https://ardianta.github.io/tags/gempa/</link><description>Recent content in gempa on Ardianta</description><generator>Hugo -- gohugo.io</generator><lastBuildDate>Mon, 27 Aug 2018 09:59:16 +0800</lastBuildDate><atom:link href="https://ardianta.github.io/tags/gempa/index.xml" rel="self" type="application/rss+xml"/><item><title>Kritik yang Menjatuhkan...</title><link>https://ardianta.github.io/blog/kritik-menjatuhkan/</link><pubDate>Mon, 27 Aug 2018 09:59:16 +0800</pubDate><guid>https://ardianta.github.io/blog/kritik-menjatuhkan/</guid><description>Pernahkan kamu mendengar kalimat kritik seperti ini:
&amp;ldquo;Ah sok kamu pakai bahasa inggris&amp;rdquo;
Mendengarnya akan membuat mental kita jatuh&amp;hellip;
Kita yang awalnya semangat untuk belajar, tapi malah jadi gak semangat lagi.
Hal senada sering saya dengar belakangan ini.
Saat pemuda-pemuda Lombok mulai kehilangan kepercayaan terhadap BMKG. Mereka mulai belajar sendiri tentang geologi.
Bahkan puluhan pertanyaan pun bermunculan setiap hari di group facebook yang saya ikuti.
Namun, ditengah itu ada juga yang memberi kritik:</description></item><item><title>Gempa Bumi di Lombok dan Coding</title><link>https://ardianta.github.io/blog/gemba-coding/</link><pubDate>Sun, 29 Jul 2018 10:14:57 +0800</pubDate><guid>https://ardianta.github.io/blog/gemba-coding/</guid><description>Minggu, 29 Juli 2018. Pagi ini Lombok diguncang gempa 6 SR.
Saat itu, saya masih tertidur&amp;hellip;
&amp;hellip;dan dibangunkan oleh gempa ini.
Laptop saya masih menyala, karena semalam tiduran sambil ngoding.
Menyelesaikan tugas submission 4 dari Dicoding.
Android Studio masih terbuka&amp;hellip;
Menampilkan baris-baris kode Kotlin.
Gempa makin besar!
Yang saya pikirkan pertama kali saat itu:
&amp;ldquo;Bagaimana nih menyelamatkan laptop saya&amp;rdquo;
Haha, keselamatan sendiri tidak dipikirkan.
Sementara ibu saya sudah berteriak menyuruh saya keluar.</description></item></channel></rss>