<?xml version="1.0" encoding="utf-8" standalone="yes"?><rss version="2.0" xmlns:atom="http://www.w3.org/2005/Atom"><channel><title>Drawing on Ardianta</title><link>https://ardianta.github.io/tags/drawing/</link><description>Recent content in Drawing on Ardianta</description><generator>Hugo -- gohugo.io</generator><lastBuildDate>Thu, 06 Jun 2019 19:44:01 +0800</lastBuildDate><atom:link href="https://ardianta.github.io/tags/drawing/index.xml" rel="self" type="application/rss+xml"/><item><title>1 Day 1 Draw Challenge!</title><link>https://ardianta.github.io/blog/1d1d/</link><pubDate>Thu, 06 Jun 2019 19:44:01 +0800</pubDate><guid>https://ardianta.github.io/blog/1d1d/</guid><description>Hari ini tanggal 06 Juni 2019 saya memulai challenge iseng-iseng buat diri sendiri, karena jarang latihan menggambar.
Semoga bisa berjalan lancar&amp;hellip;
:gift: REWARD: Rasanya kurang seru kalau tidak memberikan reward terhadap diri sendiri. Berikut ini beberapa reward yang mungkin bisa diberikan biar tambah semangat.
50 Gambar: Wacom Glove 100 Gambar: Mungkin buku gambar, buku bacaan 500 Gambar: &amp;hellip; (masih dipikirkan) 01. Bocchi 02. Nanako - Senryuu Shoujo Di hari ke-2, tangan terasa aneh.</description></item><item><title>Hasil Latihan Menggambar Menggunakan Pen Tablet Wacom Selama 1 Minggu</title><link>https://ardianta.github.io/blog/wacom/</link><pubDate>Mon, 14 May 2018 10:38:39 +0800</pubDate><guid>https://ardianta.github.io/blog/wacom/</guid><description>Hari sabtu tanggal 3 Mei kemarin, saya membeli pen tablet wacom milik teman saya.
Wacom model Intuos CTH-480.
Ini memang model lama, Dia beli skitar 3 tahun yang lalu. Namun, tidak pernah dipakai.
Pengalaman Pertama Menggunakan Wacom Dulu saya memang pernah mencoba wacom ini, hasilnya:
Ini saya gambar sekitar 3 tahun yang lalu&amp;hellip;
Sekarang saya mencoba lagi menggunakan Wacom.
Hasilnya:
Sabtu, 05 Mei 2018 Gambar Pertama:
Gambar Kedua:</description></item></channel></rss>