<?xml version="1.0" encoding="utf-8" standalone="yes"?><rss version="2.0" xmlns:atom="http://www.w3.org/2005/Atom"><channel><title>Smarfren on Ardianta</title><link>https://ardianta.github.io/tags/smarfren/</link><description>Recent content in Smarfren on Ardianta</description><generator>Hugo -- gohugo.io</generator><lastBuildDate>Sun, 24 Feb 2019 00:06:44 +0800</lastBuildDate><atom:link href="https://ardianta.github.io/tags/smarfren/index.xml" rel="self" type="application/rss+xml"/><item><title>Paket Puas Smartfren Nggak Bikin Puas!</title><link>https://ardianta.github.io/blog/paket-puas-smartfren/</link><pubDate>Sun, 24 Feb 2019 00:06:44 +0800</pubDate><guid>https://ardianta.github.io/blog/paket-puas-smartfren/</guid><description>Sinyal smartfren termasuk yang cukup stabil di rumah saya. Saya sudah mencoba beberapa operator seperti XL dan Telkomsel, tapi sinyalnya kurang stabil.
XL, kalau mati lampu langsung down&amp;hellip;
Sinyal 4G yang cuma 1 bar itu langsung hilang, dan akan beralih ke sinyal 2G.
Saya sebenarnya sudah lama pakai Smartfren&amp;mdash;sejak zaman modem USB, MiFi, Hingga Andromax Prime dan Wi Box&amp;mdash; bukan berarti ngefans banget sama Smartfren.
Melainkan karena cuma dia aja yang stabil sinyalnya, apalagi saat ini Smarfren mau ngambil frekuensinya Bolt.</description></item></channel></rss>