<?xml version="1.0" encoding="utf-8" standalone="yes"?><rss version="2.0" xmlns:atom="http://www.w3.org/2005/Atom"><channel><title>Takbiran on Ardianta</title><link>https://ardianta.github.io/tags/takbiran/</link><description>Recent content in Takbiran on Ardianta</description><generator>Hugo -- gohugo.io</generator><lastBuildDate>Wed, 05 Jun 2019 22:00:00 +0800</lastBuildDate><atom:link href="https://ardianta.github.io/tags/takbiran/index.xml" rel="self" type="application/rss+xml"/><item><title>Takbiran 2019: Mercon di mana-mana</title><link>https://ardianta.github.io/blog/takbiran-2019/</link><pubDate>Wed, 05 Jun 2019 22:00:00 +0800</pubDate><guid>https://ardianta.github.io/blog/takbiran-2019/</guid><description>Biasanya saya di kamar aja saat malam takbiran, tapi tahun ini saya ikut takbiran di luar.
Remaja Mushola di kampung saya cukup aktif, mereka mengikuti lomba takbiran yang diselengarakan oleh pemerintah desa.
Mereka mengusung konsep bulan bintang dan lampu lampion.
&amp;hellip;dan lampu lampionnya terlihat indah saat dibawa bersama-sama.
Hasilnya tidak mengecewakan, mereka dapat juara II&amp;hellip; :tada:
Awas Mercon! Meski sudah dihimbau agar tidak membakar mercon, sepertinya itu tidak ada artinya&amp;hellip;</description></item></channel></rss>