<?xml version="1.0" encoding="utf-8" standalone="yes"?><rss version="2.0" xmlns:atom="http://www.w3.org/2005/Atom"><channel><title>komunitas on Ardianta</title><link>https://ardianta.github.io/tags/komunitas/</link><description>Recent content in komunitas on Ardianta</description><generator>Hugo -- gohugo.io</generator><lastBuildDate>Sun, 25 Nov 2018 20:41:52 +0800</lastBuildDate><atom:link href="https://ardianta.github.io/tags/komunitas/index.xml" rel="self" type="application/rss+xml"/><item><title>Pengalaman Ikut TFT Indonesia Bijak NTB</title><link>https://ardianta.github.io/blog/tft-ib-ntb/</link><pubDate>Sun, 25 Nov 2018 20:41:52 +0800</pubDate><guid>https://ardianta.github.io/blog/tft-ib-ntb/</guid><description>Hari Sabtu sampai minggu tanggal 24&amp;ndash;25 November 2018, saya mengikuti acara TFT (Training For Trainee) Indonesia Bijak NTB.
Acara ini merupakan pelatihan membuat konten positif semacam meme untuk melawan hoax. Acara ini berlangsung seru, dan bayak wawasan baru yang bisa didapatkan dari sana.
Salah satu yang membuat saya tertarik adalah data tinggat literasi yang ditampilkan pemateri.
Di sana Indonesia berada di urutan ke-60 dari 61 negara.
Menurut saya, ini yang menyebabkan berita hoax cepat menyebar di Indonesia.</description></item><item><title>Evaluasi Livestream Pertama Petanikode</title><link>https://ardianta.github.io/blog/livestream-pertama/</link><pubDate>Sun, 18 Nov 2018 20:24:24 +0800</pubDate><guid>https://ardianta.github.io/blog/livestream-pertama/</guid><description>Pada hari minggu ku turut ayah ke kota, eh.
Pada hari minggu tanggal 18 November 2018 telah diadakan workshop Android Jetpack di markasnya Linov.
Acara ini disiarkan secara live di channel petanikode.
Tapi, banyak hal yang kurang.
1. Koneksi Internet Koneksi internet yang digunakan untuk live stream kurang stabil, sehingga video terputus-putus.
2. Sound Card Rusak Soundcard USB rusak, untungnya ada bang Hayi yang bisa perbaiki. Kalau tidak ada sound card ini, mungkin livestream tidak akan bisa dilaksanakan.</description></item><item><title>Ulang Tahun Komunitas Lombok Phonegraphy yang ke-3</title><link>https://ardianta.github.io/blog/lombok-phonegraphy-3/</link><pubDate>Mon, 15 Oct 2018 10:10:42 +0800</pubDate><guid>https://ardianta.github.io/blog/lombok-phonegraphy-3/</guid><description>Bisa dibilang&amp;hellip; saya keluarga baru di komunitas ini. Saya bergabung di group facebook Lombok Phonegraphy sekitar satu tahun yang lalu.
Saya suka dengan karya-karya mereka, apalagi foto-foto yang diambil lokasinya di Lombok.
Saya mungkin member yang pasif, karena belum bisa berkontribusi banyak di komunitas ini.
Karena itu&amp;hellip;
Pada acara perayaan ulang tahun yang ke-3 ini, saya berusaha untuk hadir.
Meskipun hari itu sangat panas&amp;hellip;
Di sana saya bertemu dengan banyak orang yang sebagian besar belum saya kenal.</description></item></channel></rss>