<?xml version="1.0" encoding="utf-8" standalone="yes"?><rss version="2.0" xmlns:atom="http://www.w3.org/2005/Atom"><channel><title>firebase on Ardianta</title><link>https://ardianta.github.io/tags/firebase/</link><description>Recent content in firebase on Ardianta</description><generator>Hugo -- gohugo.io</generator><lastBuildDate>Sat, 23 Dec 2017 22:25:46 +0800</lastBuildDate><atom:link href="https://ardianta.github.io/tags/firebase/index.xml" rel="self" type="application/rss+xml"/><item><title>Deploy Hugo ke Firebase dengan Gitlab CI</title><link>https://ardianta.github.io/blog/hugo-gitlab-firebase/</link><pubDate>Sat, 23 Dec 2017 22:25:46 +0800</pubDate><guid>https://ardianta.github.io/blog/hugo-gitlab-firebase/</guid><description>Biasanya saya melakukan deploy dengan perintah firebase deploy. Akan tetapi perintah ini sama persis seperti FTP.
Semua file akan di-upload ke Firebase. Hal ini akan membuat kuota internet saya cepat habis 😄, resiko pakai paket data.
Lalu sebaiknya bagaimana?
Saya ingin mencoba workflow pak Ariya. Beliau deploy Hugo ke Firebase melalui Gitlab CI.
Gambarannya seperti ini:
Sumber: ariya.io
Lalu, pada repo Gitlab, saya menggunakan konfigurasi CI seperti ini:
image: nohitme/hugo-firebase:0.31.1 before_script: - hugo version - firebase --version hugo_firebase: stage: deploy only: - master except: - dev script: - rm -rf public - hugo --config config.</description></item></channel></rss>