<?xml version="1.0" encoding="utf-8" standalone="yes"?><rss version="2.0" xmlns:atom="http://www.w3.org/2005/Atom"><channel><title>hobi on Ardianta</title><link>https://ardianta.github.io/tags/hobi/</link><description>Recent content in hobi on Ardianta</description><generator>Hugo -- gohugo.io</generator><lastBuildDate>Sat, 21 Apr 2018 15:27:53 +0800</lastBuildDate><atom:link href="https://ardianta.github.io/tags/hobi/index.xml" rel="self" type="application/rss+xml"/><item><title>Hasil Latihan Belajar Menggambar Selama Satu Bulan</title><link>https://ardianta.github.io/blog/satu-bulan-menggambar/</link><pubDate>Sat, 21 Apr 2018 15:27:53 +0800</pubDate><guid>https://ardianta.github.io/blog/satu-bulan-menggambar/</guid><description>Sejak tanggal 18 maret yang lalu, saya tidak sengaja mencorat-coret kertas bekas dengan pensil. Melihat hasilnya yang cukup bagus, saya tertarik lagi untuk menggambar.
Nyoba belajar gambar lagi... pic.twitter.com/uK631mVrla
&amp;mdash; Ardianta (@ArdiantaPargo) March 17, 2018 Menggambar adalah hobi saya sejak SD dan SMP.
Lalu, saat masuk SMK dan kuliah, saya tidak menggambar lagi. Karena mungkin tidak ada teman yang sehobi dengan saya.
Lalu beberapa waktu yang lalu, saya menemukan video tutorial menggambar manga di Youtube.</description></item></channel></rss>